"","Group.1","Cutoff_Average","Cutoff_sd","Quality_Average","Quality_sd","Dist_Average","Dist_sd"
"1","1",316.12482340828,53.7968178219416,337.244596512752,48.4555127314937,58.3380214023963,59.1061732084892
"2","2",298.456812090857,51.7921315823336,320.935254032161,45.8033148785504,58.5517208533262,59.2385759242754
"3","3",287.166002572049,49.7687659693345,310.783219171007,43.5592816414764,59.0553227746895,59.1770966375193
"4","4",276.335709014233,48.0840676253139,301.334458581093,41.6349989976395,59.3944720645135,59.5213612571336
"5","5",249.963204866132,32.5726814210973,279.165847430827,26.3393884453361,59.0353300576029,59.6339533621705
"6","6",246.61390341722,31.843364475265,276.157299938799,25.8065895924425,58.7599545970656,59.1349735473969
